Date,Open,High,Low,Close,Adj Close,Volume
2020/1/21,79.297501,79.754997,79,79.142502,77.984116,110843200
2020/1/22,79.644997,79.997498,79.327499,79.425003,78.262497,101832400
2020/1/23,79.480003,79.889999,78.912498,79.807503,78.639389,104472000
2020/1/24,80.0625,80.832497,79.379997,79.577499,78.41275,146537600
2020/1/27,77.514999,77.942497,76.220001,77.237503,76.107002,161940000
2020/1/28,78.150002,79.599998,78.047501,79.422501,78.260017,162234000
2020/1/29,81.112503,81.962502,80.345001,81.084999,79.898186,216229200
2020/1/30,80.135002,81.022499,79.6875,80.967499,79.78241,126743200
2020/1/31,80.232498,80.669998,77.072502,77.377502,76.244957,199588400
2020/2/3,76.074997,78.372498,75.555,77.165001,76.035568,173788400
2020/2/4,78.827499,79.910004,78.407501,79.712502,78.545776,136616400
2020/2/5,80.879997,81.190002,79.737503,80.362503,79.186264,118826800
2020/2/6,80.642502,81.305,80.065002,81.302498,80.112503,105425600
2020/2/7,80.592499,80.849998,79.5,80.0075,79.02356,117684000
2020/2/10,78.544998,80.387497,78.462502,80.387497,79.39888,109348800
2020/2/11,80.900002,80.974998,79.677498,79.902496,78.919846,94323200
2020/2/12,80.3675,81.805,80.3675,81.800003,80.794014,113730400
2020/2/13,81.047501,81.555,80.837502,81.217499,80.218681,94747600
2020/2/14,81.184998,81.495003,80.712502,81.237503,80.238434,80113600
2020/2/18,78.839996,79.9375,78.652496,79.75,78.769226,152531200
2020/2/19,80,81.142502,80,80.904999,79.910019,93984000
2020/2/20,80.657501,81.162498,79.552498,80.074997,79.090225,100566000
2020/2/21,79.654999,80.112503,77.625,78.262497,77.300026,129554000
2020/2/24,74.315002,76.044998,72.307503,74.544998,73.628227,222195200
2020/2/25,75.237503,75.6325,71.532501,72.019997,71.134285,230673600
2020/2/26,71.6325,74.470001,71.625,73.162498,72.262741,198054800
2020/2/27,70.275002,71.5,68.239998,68.379997,67.539047,320605600
2020/2/28,64.315002,69.602501,64.092499,68.339996,67.499535,426510000
2020/3/2,70.57,75.360001,69.43,74.702499,73.783806,341397200
2020/3/3,75.917503,76,71.449997,72.330002,71.440475,319475600
2020/3/4,74.110001,75.849998,73.282501,75.684998,74.754219,219178400
2020/3/5,73.879997,74.887497,72.852501,73.230003,72.329414,187572800
2020/3/6,70.5,72.705002,70.307503,72.2575,71.368866,226176800
2020/3/9,65.9375,69.522499,65.75,66.542503,65.724152,286744800
2020/3/10,69.285004,71.610001,67.342499,71.334999,70.457718,285290000
2020/3/11,69.347504,70.305,67.964996,68.857498,68.010681,255598800
2020/3/12,63.985001,67.5,62,62.057499,61.294312,418474000
2020/3/13,66.222504,69.980003,63.237499,69.4925,68.637871,370732000
2020/3/16,60.487499,64.769997,60,60.552502,59.807819,322423600
2020/3/17,61.877499,64.402496,59.599998,63.215,62.437572,324056000
2020/3/18,59.942501,62.5,59.279999,61.6675,60.909107,300233600
2020/3/19,61.8475,63.209999,60.6525,61.195,60.442417,271857200
2020/3/20,61.794998,62.9575,57,57.310001,56.605202,401693200
2020/3/23,57.02,57.125,53.1525,56.092499,55.402664,336752800
2020/3/24,59.09,61.922501,58.575001,61.720001,60.96096,287531200
2020/3/25,62.6875,64.5625,61.075001,61.380001,60.625141,303602000
2020/3/26,61.630001,64.669998,61.59,64.610001,63.815426,252087200
2020/3/27,63.1875,63.967499,61.762501,61.935001,61.173321,204216800
2020/3/30,62.685001,63.880001,62.349998,63.702499,62.919079,167976400
2020/3/31,63.900002,65.622498,63,63.572498,62.790684,197002000
2020/4/1,61.625,62.18,59.782501,60.227501,59.486816,176218400
2020/4/2,60.084999,61.287498,59.224998,61.232498,60.479454,165934000
2020/4/3,60.700001,61.424999,59.7425,60.352501,59.610275,129880000
2020/4/6,62.724998,65.777496,62.345001,65.6175,64.810524,201820400
2020/4/7,67.699997,67.925003,64.75,64.857498,64.059875,202887200
2020/4/8,65.684998,66.842499,65.307503,66.517502,65.699463,168895200
2020/4/9,67.175003,67.517502,66.175003,66.997498,66.173553,161834800
2020/4/13,67.077499,68.425003,66.457497,68.3125,67.472382,131022800
2020/4/14,70,72.0625,69.512497,71.762497,70.879959,194994800
2020/4/15,70.599998,71.582497,70.157501,71.107498,70.233017,131154400
2020/4/16,71.845001,72.050003,70.587502,71.672501,70.791069,157125200
2020/4/17,71.172501,71.737503,69.214996,70.699997,69.830521,215250000
2020/4/20,69.487503,70.419998,69.212502,69.232498,68.381073,130015200
2020/4/21,69.07,69.3125,66.357498,67.092499,66.267395,180991600
2020/4/22,68.402496,69.474998,68.050003,69.025002,68.176117,116862400
2020/4/23,68.967499,70.4375,68.717499,68.7575,67.911903,124814400
2020/4/24,69.300003,70.752502,69.25,70.7425,69.872498,126161200
2020/4/27,70.449997,71.135002,69.987503,70.792503,69.92189,117087600
2020/4/28,71.269997,71.457497,69.550003,69.644997,68.788498,112004800
2020/4/29,71.182503,72.417503,70.972504,71.932503,71.047867,137280800
2020/4/30,72.489998,73.6325,72.087502,73.449997,72.546707,183064000
2020/5/1,71.5625,74.75,71.462502,72.267502,71.378746,240616800
2020/5/4,72.292503,73.422501,71.580002,73.290001,72.38868,133568000
2020/5/5,73.764999,75.25,73.614998,74.389999,73.475143,147751200
2020/5/6,75.114998,75.809998,74.717499,75.157501,74.233223,142333600
2020/5/7,75.805,76.292503,75.4925,75.934998,75.001144,115215200
2020/5/8,76.410004,77.587502,76.072502,77.532501,76.786301,133838400
2020/5/11,77.025002,79.262497,76.809998,78.752502,77.99456,145946400
2020/5/12,79.457497,79.922501,77.727501,77.852501,77.103218,162301200
2020/5/13,78.037498,78.987503,75.802498,76.912498,76.172272,200622400
2020/5/14,76.127502,77.447502,75.3825,77.385002,76.640221,158929200
2020/5/15,75.087502,76.974998,75.052498,76.927498,76.187126,166348400
2020/5/18,78.292503,79.125,77.580002,78.739998,77.98217,135178400
2020/5/19,78.7575,79.629997,78.252502,78.285004,77.531555,101729600
2020/5/20,79.169998,79.879997,79.129997,79.807503,79.039406,111504800
2020/5/21,79.665001,80.222504,78.967499,79.212502,78.450134,102688800
2020/5/22,78.942497,79.807503,78.837502,79.722504,78.955231,81803200
2020/5/26,80.875,81.059998,79.125,79.182503,78.420418,125522000
2020/5/27,79.035004,79.677498,78.272499,79.527496,78.7621,112945200
2020/5/28,79.192497,80.860001,78.907501,79.5625,78.796761,133560800
2020/5/29,79.8125,80.287498,79.1175,79.485001,78.720009,153532400
2020/6/1,79.4375,80.587502,79.302498,80.462502,79.688095,80791200
2020/6/2,80.1875,80.860001,79.732498,80.834999,80.057014,87642800
2020/6/3,81.165001,81.550003,80.574997,81.279999,80.497719,104491200
2020/6/4,81.097504,81.404999,80.195,80.580002,79.804474,87560400
2020/6/5,80.837502,82.9375,80.807503,82.875,82.07737,137250400
2020/6/8,82.5625,83.400002,81.830002,83.364998,82.56266,95654400
2020/6/9,83.035004,86.402496,83.002502,85.997498,85.169823,147712400
2020/6/10,86.974998,88.692497,86.522499,88.209999,87.361038,166651600
2020/6/11,87.327499,87.764999,83.870003,83.974998,83.166786,201662400
2020/6/12,86.18,86.949997,83.555,84.699997,83.884811,200146000
2020/6/15,83.3125,86.419998,83.144997,85.747498,84.922234,138808800
2020/6/16,87.864998,88.300003,86.18,88.019997,87.172859,165428800
2020/6/17,88.787498,88.849998,87.772499,87.897499,87.051537,114406400
2020/6/18,87.852501,88.362503,87.305,87.932503,87.086212,96820400
2020/6/19,88.660004,89.139999,86.287498,87.43,86.588539,264476000
2020/6/22,87.834999,89.864998,87.787498,89.717499,88.854019,135445200
2020/6/23,91,93.095001,90.567497,91.6325,90.75058,212155600
2020/6/24,91.25,92.197502,89.629997,90.014999,89.148659,192623200
2020/6/25,90.175003,91.25,89.392502,91.209999,90.332161,137522400
2020/6/26,91.102501,91.330002,88.254997,88.407501,87.556641,205256800
2020/6/29,88.3125,90.542503,87.82,90.445,89.574516,130646000
2020/6/30,90.019997,91.495003,90,91.199997,90.32225,140223200
2020/7/1,91.279999,91.839996,90.977501,91.027496,90.151405,110737200
2020/7/2,91.962502,92.6175,90.910004,91.027496,90.151405,114041600
2020/7/6,92.5,93.945,92.467499,93.462502,92.562988,118655600
2020/7/7,93.852501,94.654999,93.057503,93.172501,92.27578,112424400
2020/7/8,94.18,95.375,94.089996,95.342499,94.424889,117092000
2020/7/9,96.262497,96.317497,94.672501,95.752502,94.83094,125642800
2020/7/10,95.334999,95.980003,94.705002,95.919998,94.996819,90257200
2020/7/13,97.264999,99.955002,95.2575,95.477501,94.558586,191649200
2020/7/14,94.839996,97.254997,93.877502,97.057503,96.123383,170989200
2020/7/15,98.989998,99.247498,96.489998,97.724998,96.784454,153198000
2020/7/16,96.5625,97.404999,95.904999,96.522499,95.593529,110577600
2020/7/17,96.987503,97.147499,95.839996,96.327499,95.400406,92186800
2020/7/20,96.417503,98.5,96.0625,98.357498,97.410858,90318000
2020/7/21,99.172501,99.25,96.7425,97,96.066429,103433200
2020/7/22,96.692497,97.974998,96.602501,97.272499,96.336304,89001600
2020/7/23,96.997498,97.077499,92.010002,92.845001,91.951424,197004400
2020/7/24,90.987503,92.970001,89.144997,92.614998,91.72364,185438800
2020/7/27,93.709999,94.904999,93.480003,94.809998,93.897507,121214000
2020/7/28,94.3675,94.550003,93.247498,93.252502,92.355003,103625600
2020/7/29,93.75,95.230003,93.712502,95.040001,94.125298,90329200
2020/7/30,94.1875,96.297501,93.767502,96.190002,95.264229,158130000
2020/7/31,102.885002,106.415001,100.824997,106.260002,105.23732,374336800
2020/8/3,108.199997,111.637497,107.892502,108.9375,107.889046,308151200
2020/8/4,109.1325,110.790001,108.387497,109.665001,108.609535,173071600
2020/8/5,109.377502,110.392502,108.897499,110.0625,109.003212,121776800
2020/8/6,110.404999,114.412498,109.797501,113.902496,112.806252,202428800
2020/8/7,113.205002,113.675003,110.292503,111.112503,110.241516,198045600
2020/8/10,112.599998,113.775002,110,112.727501,111.843872,212403600
2020/8/11,111.970001,112.482498,109.107498,109.375,108.517632,187902400
2020/8/12,110.497498,113.275002,110.297501,113.010002,112.124146,165598000
2020/8/13,114.43,116.042503,113.927498,115.010002,114.108467,210082000
2020/8/14,114.830002,115,113.044998,114.907501,114.00676,165565200
2020/8/17,116.0625,116.087502,113.962502,114.607498,113.709129,119561600
2020/8/18,114.352501,116,114.0075,115.5625,114.656639,105633600
2020/8/19,115.982498,117.162498,115.610001,115.707497,114.800491,145538000
2020/8/20,115.75,118.392502,115.732498,118.275002,117.347878,126907200
2020/8/21,119.262497,124.8675,119.25,124.370003,123.395088,338054800
2020/8/24,128.697495,128.785004,123.9375,125.857498,124.870934,345937600
2020/8/25,124.697502,125.18,123.052498,124.824997,123.846527,211495600
2020/8/26,126.18,126.9925,125.082497,126.522499,125.530724,163022400
2020/8/27,127.142502,127.485001,123.832497,125.010002,124.030075,155552400
2020/8/28,126.012497,126.442497,124.577499,124.807503,123.82917,187630000
2020/8/31,127.580002,131,126,129.039993,128.028488,225702700
2020/9/1,132.759995,134.800003,130.529999,134.179993,133.128204,151948100
2020/9/2,137.589996,137.979996,127,131.399994,130.36998,200119000
2020/9/3,126.910004,128.839996,120.5,120.879997,119.932449,257599600
2020/9/4,120.07,123.699997,110.889999,120.959999,120.011826,332607200
2020/9/8,113.949997,118.989998,112.68,112.82,111.935638,231366600
2020/9/9,117.260002,119.139999,115.260002,117.32,116.400352,176940500
2020/9/10,120.360001,120.5,112.5,113.489998,112.600372,182274400
2020/9/11,114.57,115.230003,110,112,111.122063,180860300
2020/9/14,114.720001,115.93,112.800003,115.360001,114.455727,140150100
2020/9/15,118.330002,118.830002,113.610001,115.540001,114.634315,184642000
2020/9/16,115.230003,116,112.040001,112.129997,111.251045,154679000
2020/9/17,109.720001,112.199997,108.709999,110.339996,109.475067,178011000
2020/9/18,110.400002,110.879997,106.089996,106.839996,106.002502,287104900
2020/9/21,104.540001,110.190002,103.099998,110.080002,109.217117,195713800
2020/9/22,112.68,112.860001,109.160004,111.809998,110.933548,183055400
2020/9/23,111.620003,112.110001,106.769997,107.120003,106.280319,150718700
2020/9/24,105.169998,110.25,105,108.220001,107.371696,167743300
2020/9/25,108.43,112.440002,107.669998,112.279999,111.399864,149981400
2020/9/28,115.010002,115.32,112.779999,114.959999,114.058861,137672400
2020/9/29,114.550003,115.309998,113.57,114.089996,113.195679,99382200
2020/9/30,113.790001,117.260002,113.620003,115.809998,114.902199,142675200
2020/10/1,117.639999,117.720001,115.830002,116.790001,115.874519,116120400
2020/10/2,112.889999,115.370003,112.220001,113.019997,112.134064,144712000
2020/10/5,113.910004,116.650002,113.550003,116.5,115.586784,106243800
2020/10/6,115.699997,116.120003,112.25,113.160004,112.272972,161498200
2020/10/7,114.620003,115.550003,114.129997,115.080002,114.177917,96849000
2020/10/8,116.25,116.400002,114.589996,114.970001,114.068779,83477200
2020/10/9,115.279999,117,114.919998,116.970001,116.053108,100506900
2020/10/12,120.059998,125.18,119.279999,124.400002,123.424866,240226800
2020/10/13,125.269997,125.389999,119.650002,121.099998,120.150726,262330500
2020/10/14,121,123.029999,119.620003,121.190002,120.240021,150712000
2020/10/15,118.720001,121.199997,118.150002,120.709999,119.763779,112559200
2020/10/16,121.279999,121.550003,118.809998,119.019997,118.087029,115393800
2020/10/19,119.959999,120.419998,115.660004,115.980003,115.070869,120639300
2020/10/20,116.199997,118.980003,115.629997,117.510002,116.588875,124423700
2020/10/21,116.669998,118.709999,116.449997,116.870003,115.953888,89946000
2020/10/22,117.449997,118.040001,114.589996,115.75,114.842667,101988000
2020/10/23,116.389999,116.550003,114.279999,115.040001,114.138229,82572600
2020/10/26,114.010002,116.550003,112.879997,115.050003,114.148148,111850700
2020/10/27,115.489998,117.279999,114.540001,116.599998,115.686005,92276800
2020/10/28,115.050003,115.43,111.099998,111.199997,110.328323,143937800
2020/10/29,112.370003,116.93,112.199997,115.32,114.416039,146129200
2020/10/30,111.059998,111.989998,107.720001,108.860001,108.006668,190272600
2020/11/2,109.110001,110.68,107.32,108.769997,107.917374,122866900
2020/11/3,109.660004,111.489998,108.730003,110.440002,109.574295,107624400
2020/11/4,114.139999,115.589996,112.349998,114.949997,114.048935,138235500
2020/11/5,117.949997,119.620003,116.870003,119.029999,118.096954,126387100
2020/11/6,118.32,119.199997,116.129997,118.690002,117.962784,114457900
2020/11/9,120.5,121.989998,116.050003,116.32,115.6073,154515300
2020/11/10,115.550003,117.589996,114.129997,115.970001,115.259453,138023400
2020/11/11,117.190002,119.629997,116.440002,119.489998,118.757881,112295000
2020/11/12,119.620003,120.529999,118.57,119.209999,118.479599,103162300
2020/11/13,119.440002,119.669998,117.870003,119.260002,118.529289,81581900
2020/11/16,118.919998,120.989998,118.150002,120.300003,119.56292,91183000
2020/11/17,119.550003,120.669998,118.959999,119.389999,118.658493,74271000
2020/11/18,118.610001,119.82,118,118.029999,117.306824,76322100
2020/11/19,117.589996,119.059998,116.809998,118.639999,117.913086,74113000
2020/11/20,118.639999,118.769997,117.290001,117.339996,116.621048,73604300
2020/11/23,117.18,117.620003,113.75,113.849998,113.152443,127959300
2020/11/24,113.910004,115.849998,112.589996,115.169998,114.464348,113874200
2020/11/25,115.550003,116.75,115.169998,116.029999,115.319084,76499200
2020/11/27,116.57,117.489998,116.220001,116.589996,115.875648,46691300
2020/11/30,116.970001,120.970001,116.809998,119.050003,118.32058,169410200
2020/12/1,121.010002,123.470001,120.010002,122.720001,121.968102,127728200
2020/12/2,122.019997,123.370003,120.889999,123.080002,122.32589,89004200
2020/12/3,123.519997,123.779999,122.209999,122.940002,122.186752,78967600
2020/12/4,122.599998,122.860001,121.519997,122.25,121.500969,78260400
2020/12/7,122.309998,124.57,122.25,123.75,122.991776,86712000
2020/12/8,124.370003,124.980003,123.089996,124.379997,123.617912,82225500
2020/12/9,124.529999,125.949997,121,121.779999,121.033859,115089200
2020/12/10,120.5,123.870003,120.150002,123.239998,122.484909,81312200
2020/12/11,122.43,122.760002,120.550003,122.410004,121.659996,86939800
2020/12/14,122.599998,123.349998,121.540001,121.779999,121.033859,79184500
2020/12/15,124.339996,127.900002,124.129997,127.879997,127.096481,157243700
2020/12/16,127.410004,128.369995,126.559998,127.809998,127.026901,98208600
2020/12/17,128.899994,129.580002,128.039993,128.699997,127.911453,94359800
2020/12/18,128.960007,129.100006,126.120003,126.660004,125.883957,192541500
2020/12/21,125.019997,128.309998,123.449997,128.229996,127.444328,121251600
2020/12/22,131.610001,134.410004,129.649994,131.880005,131.07196,168904800
2020/12/23,132.160004,132.429993,130.779999,130.960007,130.157608,88223700
2020/12/24,131.320007,133.460007,131.100006,131.970001,131.161407,54930100
2020/12/28,133.990005,137.339996,133.509995,136.690002,135.852509,124486200
2020/12/29,138.050003,138.789993,134.339996,134.869995,134.04364,121047300
2020/12/30,135.580002,135.990005,133.399994,133.720001,132.900711,96452100
2020/12/31,134.080002,134.740005,131.720001,132.690002,131.877014,99116600
2021/1/4,133.520004,133.610001,126.760002,129.410004,128.617111,143301900
2021/1/5,128.889999,131.740005,128.429993,131.009995,130.207291,97664900
2021/1/6,127.720001,131.050003,126.379997,126.599998,125.824326,155088000
2021/1/7,128.360001,131.630005,127.860001,130.919998,130.117844,109578200
2021/1/8,132.429993,132.630005,130.229996,132.050003,131.240936,105158200
2021/1/11,129.190002,130.169998,128.5,128.979996,128.189728,100384500
2021/1/12,128.5,129.690002,126.860001,128.800003,128.010834,91951100
2021/1/13,128.759995,131.449997,128.490005,130.889999,130.088028,88636800
2021/1/14,130.800003,131,128.759995,128.910004,128.120163,90221800
2021/1/15,128.779999,130.220001,127,127.139999,126.361015,111598500
2021/1/19,127.779999,128.710007,126.940002,127.830002,127.046783,90757300
2021/1/20,128.660004,132.490005,128.550003,132.029999,131.221054,104319500
2021/1/21,133.800003,139.669998,133.589996,136.869995,136.031387,120150900
2021/1/22,136.279999,139.850006,135.020004,139.070007,138.217911,114459400
2021/1/25,143.070007,145.089996,136.539993,142.919998,142.044327,157611700
2021/1/26,143.600006,144.300003,141.369995,143.160004,142.282852,98390600
2021/1/27,143.429993,144.300003,140.410004,142.059998,141.18959,140843800
2021/1/28,139.520004,141.990005,136.699997,137.089996,136.250046,142621100
2021/1/29,135.830002,136.740005,130.210007,131.960007,131.151489,177523800
2021/2/1,133.75,135.380005,130.929993,134.139999,133.31813,106239800
2021/2/2,135.729996,136.309998,134.610001,134.990005,134.162918,83305400
2021/2/3,135.759995,135.770004,133.610001,133.940002,133.119339,89880900
2021/2/4,136.300003,137.399994,134.589996,137.389999,136.548203,84183100
2021/2/5,137.350006,137.419998,135.860001,136.759995,136.125183,75693800
2021/2/8,136.029999,136.960007,134.919998,136.910004,136.27449,71297200
2021/2/9,136.619995,137.880005,135.850006,136.009995,135.378647,76774200
2021/2/10,136.479996,136.990005,134.399994,135.389999,134.761551,73046600
2021/2/11,135.899994,136.389999,133.770004,135.130005,134.502731,64280000
2021/2/12,134.350006,135.529999,133.690002,135.369995,134.741623,60145100
2021/2/16,135.490005,136.009995,132.789993,133.190002,132.571747,80576300
2021/2/17,131.25,132.220001,129.470001,130.839996,130.232651,97918500
2021/2/18,129.199997,130,127.410004,129.710007,129.10791,96856700
2021/2/19,130.240005,130.710007,128.800003,129.869995,129.267151,87668800
2021/2/22,128.009995,129.720001,125.599998,126,125.415123,103916400
2021/2/23,123.760002,126.709999,118.389999,125.860001,125.27578,158273000
2021/2/24,124.940002,125.559998,122.230003,125.349998,124.768143,111039900
2021/2/25,124.68,126.459999,120.540001,120.989998,120.428383,148199500
2021/2/26,122.589996,124.849998,121.199997,121.260002,120.697136,164560400
2021/3/1,123.75,127.93,122.790001,127.790001,127.196815,116307900
2021/3/2,128.410004,128.720001,125.010002,125.120003,124.539215,102260900
2021/3/3,124.809998,125.709999,121.839996,122.059998,121.493416,112966300
2021/3/4,121.75,123.599998,118.620003,120.129997,119.572372,178155000
2021/3/5,120.980003,121.940002,117.57,121.419998,120.856384,153766600
2021/3/8,120.93,121,116.209999,116.360001,115.81987,154376600
2021/3/9,119.029999,122.059998,118.790001,121.089996,120.527916,129525800
2021/3/10,121.690002,122.169998,119.449997,119.980003,119.423073,111943300
2021/3/11,122.540001,123.209999,121.260002,121.959999,121.393875,103026500
2021/3/12,120.400002,121.169998,119.160004,121.029999,120.468201,88105100
2021/3/15,121.410004,124,120.419998,123.989998,123.414452,92403800
2021/3/16,125.699997,127.220001,124.720001,125.57,124.987114,115227900
2021/3/17,124.050003,125.860001,122.339996,124.760002,124.180885,111932600
2021/3/18,122.879997,123.18,120.32,120.529999,119.970512,121229700
2021/3/19,119.900002,121.43,119.68,119.989998,119.433022,185549500
2021/3/22,120.330002,123.870003,120.260002,123.389999,122.817245,111912300
2021/3/23,123.330002,124.239998,122.139999,122.540001,121.971191,95467100
2021/3/24,122.82,122.900002,120.07,120.089996,119.532555,88530500
2021/3/25,119.540001,121.660004,119,120.589996,120.030235,98844700
2021/3/26,120.349998,121.480003,118.919998,121.209999,120.647362,94071200
2021/3/29,121.650002,122.580002,120.730003,121.389999,120.826523,80819200
2021/3/30,120.110001,120.400002,118.860001,119.900002,119.343437,85671900
2021/3/31,121.650002,123.519997,121.150002,122.150002,121.582993,118323800
2021/4/1,123.660004,124.18,122.489998,123,122.429047,75089100
2021/4/5,123.870003,126.160004,123.07,125.900002,125.31559,88651200
2021/4/6,126.5,127.129997,125.650002,126.209999,125.624153,80171300
2021/4/7,125.830002,127.919998,125.139999,127.900002,127.306313,83466700
2021/4/8,128.949997,130.389999,128.520004,130.360001,129.754883,88844600
2021/4/9,129.800003,133.039993,129.470001,133,132.382614,106686700
2021/4/12,132.520004,132.850006,130.630005,131.240005,130.630798,91420000
2021/4/13,132.440002,134.660004,131.929993,134.429993,133.805984,91266500
2021/4/14,134.940002,135,131.660004,132.029999,131.41713,87222800
2021/4/15,133.820007,135,133.639999,134.5,133.875656,89347100
2021/4/16,134.300003,134.669998,133.279999,134.160004,133.537262,84922400
2021/4/19,133.509995,135.470001,133.339996,134.839996,134.214096,94264200
2021/4/20,135.020004,135.529999,131.809998,133.110001,132.492126,94812300
2021/4/21,132.360001,133.75,131.300003,133.5,132.88031,68847100
2021/4/22,133.039993,134.149994,131.410004,131.940002,131.32756,84566500
2021/4/23,132.160004,135.119995,132.160004,134.320007,133.696518,78657500
2021/4/26,134.830002,135.059998,133.559998,134.720001,134.09465,66905100
2021/4/27,135.009995,135.410004,134.110001,134.389999,133.766174,66015800
2021/4/28,134.309998,135.020004,133.080002,133.580002,132.95993,107760100
2021/4/29,136.470001,137.070007,132.449997,133.479996,132.860397,151101000
2021/4/30,131.779999,133.559998,131.070007,131.460007,130.849777,109839500
2021/5/3,132.039993,134.070007,131.830002,132.539993,131.924744,75135100
2021/5/4,131.190002,131.490005,126.699997,127.849998,127.256531,137564700
2021/5/5,129.199997,130.449997,127.970001,128.100006,127.505386,84000900
2021/5/6,127.889999,129.75,127.129997,129.740005,129.137772,78128300
2021/5/7,130.850006,131.259995,129.479996,130.210007,129.825745,78973300
2021/5/10,129.410004,129.539993,126.809998,126.849998,126.475639,88071200
2021/5/11,123.5,126.269997,122.769997,125.910004,125.538422,126142800
2021/5/12,123.400002,124.639999,122.25,122.769997,122.407684,112172300
2021/5/13,124.580002,126.150002,124.260002,124.970001,124.601189,105861300
2021/5/14,126.25,127.889999,125.849998,127.449997,127.073868,81918000
2021/5/17,126.82,126.93,125.169998,126.269997,125.897354,74244600
2021/5/18,126.559998,126.989998,124.779999,124.849998,124.481544,63342900
2021/5/19,123.160004,124.919998,122.860001,124.690002,124.322021,92612000
2021/5/20,125.230003,127.720001,125.099998,127.309998,126.93428,76857100
2021/5/21,127.82,128,125.209999,125.43,125.059837,79295400
2021/5/24,126.010002,127.940002,125.940002,127.099998,126.724899,63092900
2021/5/25,127.82,128.320007,126.32,126.900002,126.525497,72009500
2021/5/26,126.959999,127.389999,126.419998,126.849998,126.475639,56575900
2021/5/27,126.440002,127.639999,125.080002,125.279999,124.910271,94625600
2021/5/28,125.57,125.800003,124.550003,124.610001,124.242256,71311100
2021/6/1,125.080002,125.349998,123.940002,124.279999,123.913223,67637100
2021/6/2,124.279999,125.239998,124.050003,125.059998,124.690918,59278900
2021/6/3,124.68,124.849998,123.129997,123.540001,123.175415,76229200
2021/6/4,124.07,126.160004,123.849998,125.889999,125.518478,75169300
2021/6/7,126.169998,126.32,124.830002,125.900002,125.52845,71057600
2021/6/8,126.599998,128.460007,126.209999,126.739998,126.365967,74403800
2021/6/9,127.209999,127.75,126.519997,127.129997,126.754822,56877900
2021/6/10,127.019997,128.190002,125.940002,126.110001,125.737831,71186400
2021/6/11,126.529999,127.440002,126.099998,127.349998,126.974167,53522400
2021/6/14,127.82,130.539993,127.07,130.479996,130.094925,96906500
2021/6/15,129.940002,130.600006,129.389999,129.639999,129.257416,62746300
2021/6/16,130.369995,130.889999,128.460007,130.149994,129.7659,91815000
2021/6/17,129.800003,132.550003,129.649994,131.789993,131.401062,96721700
2021/6/18,130.710007,131.509995,130.240005,130.460007,130.074997,108953300
2021/6/21,130.300003,132.410004,129.210007,132.300003,131.909561,79663300
2021/6/22,132.130005,134.080002,131.619995,133.979996,133.584595,74783600
2021/6/23,133.770004,134.320007,133.229996,133.699997,133.305435,60214200
2021/6/24,134.449997,134.639999,132.929993,133.410004,133.016281,68711000
2021/6/25,133.460007,133.889999,132.809998,133.110001,132.717178,70783700
2021/6/28,133.410004,135.25,133.350006,134.779999,134.382248,62111300
2021/6/29,134.800003,136.490005,134.350006,136.330002,135.927673,64556100
2021/6/30,136.169998,137.410004,135.869995,136.960007,136.555817,63261400
2021/7/1,136.600006,137.330002,135.759995,137.270004,136.864899,52485800
2021/7/2,137.899994,140,137.75,139.960007,139.546967,78852600
2021/7/6,140.070007,143.149994,140.070007,142.020004,141.600876,108181800
2021/7/7,143.539993,144.889999,142.660004,144.570007,144.143356,104911600
2021/7/8,141.580002,144.059998,140.669998,143.240005,142.817276,105575500
2021/7/9,142.75,145.649994,142.649994,145.110001,144.681763,99890800
2021/7/12,146.210007,146.320007,144,144.5,144.073563,76299700
2021/7/13,144.029999,147.460007,143.630005,145.639999,145.21019,100827100
2021/7/14,148.100006,149.570007,147.679993,149.149994,148.709824,127050800
2021/7/15,149.240005,150,147.089996,148.479996,148.041809,106820300
2021/7/16,148.460007,149.759995,145.880005,146.389999,145.957977,93251400
2021/7/19,143.75,144.070007,141.669998,142.449997,142.029602,121434600
2021/7/20,143.460007,147.100006,142.960007,146.149994,145.718674,96350000
2021/7/21,145.529999,146.130005,144.630005,145.399994,144.970901,74993500
2021/7/22,145.940002,148.199997,145.809998,146.800003,146.36676,77338200
2021/7/23,147.550003,148.720001,146.919998,148.559998,148.121582,71447400
2021/7/26,148.270004,149.830002,147.699997,148.990005,148.550323,72434100
2021/7/27,149.119995,149.210007,145.550003,146.770004,146.336853,104818600
2021/7/28,144.809998,146.970001,142.539993,144.979996,144.552139,118931200
2021/7/29,144.690002,146.550003,144.580002,145.639999,145.21019,56699500
2021/7/30,144.380005,146.330002,144.110001,145.860001,145.429535,70382000
2021/8/2,146.360001,146.949997,145.25,145.520004,145.090546,62880000
2021/8/3,145.809998,148.039993,145.179993,147.360001,146.92511,64786600
2021/8/4,147.270004,147.789993,146.279999,146.949997,146.516327,56368300
2021/8/5,146.979996,147.839996,146.169998,147.059998,146.626007,46397700
2021/8/6,146.350006,147.110001,145.630005,146.139999,145.927017,54067400
2021/8/9,146.199997,146.699997,145.520004,146.089996,145.87709,48908700
2021/8/10,146.440002,147.710007,145.300003,145.600006,145.387817,69023100
2021/8/11,146.050003,146.720001,145.529999,145.860001,145.64743,48493500
2021/8/12,146.190002,149.050003,145.839996,148.889999,148.673019,72282600
2021/8/13,148.970001,149.440002,148.270004,149.100006,148.882721,59318800
2021/8/16,148.539993,151.190002,146.470001,151.119995,150.899765,103296000
2021/8/17,150.229996,151.679993,149.089996,150.190002,149.97113,92229700
2021/8/18,149.800003,150.720001,146.149994,146.360001,146.146698,86326000
2021/8/19,145.029999,148,144.5,146.699997,146.486206,86960300
2021/8/20,147.440002,148.5,146.779999,148.190002,147.974045,59947400
2021/8/23,148.309998,150.190002,147.889999,149.710007,149.491837,60131800
2021/8/24,149.449997,150.860001,149.149994,149.619995,149.401947,48606400
2021/8/25,149.809998,150.320007,147.800003,148.360001,148.143784,58991300
2021/8/26,148.350006,149.119995,147.509995,147.539993,147.324982,48597200
2021/8/27,147.479996,148.75,146.830002,148.600006,148.383453,55721500
2021/8/30,149,153.490005,148.610001,153.119995,152.896851,90956700
2021/8/31,152.660004,152.800003,151.289993,151.830002,151.608734,86453100
2021/9/1,152.830002,154.979996,152.339996,152.509995,152.287735,80313700
2021/9/2,153.869995,154.720001,152.399994,153.649994,153.426071,71115500
2021/9/3,153.759995,154.630005,153.089996,154.300003,154.075134,57808700
2021/9/7,154.970001,157.259995,154.389999,156.690002,156.461655,82278300
2021/9/8,156.979996,157.039993,153.979996,155.110001,154.883957,74420200
2021/9/9,155.490005,156.110001,153.949997,154.070007,153.845474,57305700
2021/9/10,155,155.479996,148.699997,148.970001,148.752899,140646400
2021/9/13,150.630005,151.419998,148.75,149.550003,149.332062,102404300
2021/9/14,150.350006,151.070007,146.910004,148.119995,147.904129,109296300
2021/9/15,148.559998,149.440002,146.369995,149.029999,148.812805,83281300
2021/9/16,148.440002,148.970001,147.220001,148.789993,148.573151,68034100
2021/9/17,148.820007,148.820007,145.759995,146.059998,145.847137,129868800
2021/9/20,143.800003,144.839996,141.270004,142.940002,142.731689,123478900
2021/9/21,143.929993,144.600006,142.779999,143.429993,143.220963,75834000
2021/9/22,144.449997,146.429993,143.699997,145.850006,145.637451,76404300
2021/9/23,146.649994,147.080002,145.639999,146.830002,146.616028,64838200
2021/9/24,145.660004,147.470001,145.559998,146.919998,146.705887,53477900
2021/9/27,145.470001,145.960007,143.820007,145.369995,145.158142,74150700
2021/9/28,143.25,144.75,141.690002,141.910004,141.703186,108972300
2021/9/29,142.470001,144.449997,142.029999,142.830002,142.621857,74602000
2021/9/30,143.660004,144.380005,141.279999,141.5,141.293793,88934200
2021/10/1,141.899994,142.919998,139.110001,142.649994,142.442108,94639600
2021/10/4,141.759995,142.210007,138.270004,139.139999,138.937225,98322000
2021/10/5,139.490005,142.240005,139.360001,141.110001,140.904358,80861100
2021/10/6,139.470001,142.149994,138.369995,142,141.79306,83221100
2021/10/7,143.059998,144.220001,142.720001,143.289993,143.081177,61732700
2021/10/8,144.029999,144.179993,142.559998,142.899994,142.691742,58718700
2021/10/11,142.270004,144.809998,141.809998,142.809998,142.601883,64452200
2021/10/12,143.229996,143.25,141.039993,141.509995,141.303772,73035900
2021/10/13,141.240005,141.399994,139.199997,140.910004,140.704651,78762700
2021/10/14,142.110001,143.880005,141.509995,143.759995,143.550491,69907100
2021/10/15,143.770004,144.899994,143.509995,144.839996,144.628922,67885200
2021/10/18,143.449997,146.839996,143.160004,146.550003,146.336426,85589200
2021/10/19,147.009995,149.169998,146.550003,148.759995,148.543198,76378900
2021/10/20,148.699997,149.75,148.119995,149.259995,149.04248,58418800
2021/10/21,148.809998,149.639999,147.869995,149.479996,149.262146,61421000
2021/10/22,149.690002,150.179993,148.639999,148.690002,148.473312,58883400
2021/10/25,148.679993,149.369995,147.619995,148.639999,148.423386,50720600
2021/10/26,149.330002,150.839996,149.009995,149.320007,149.102402,60893400
2021/10/27,149.360001,149.729996,148.490005,148.850006,148.633087,56094900
2021/10/28,149.820007,153.169998,149.720001,152.570007,152.347656,100077900
2021/10/29,147.220001,149.940002,146.410004,149.800003,149.581696,124850400
2021/11/1,148.990005,149.699997,147.800003,148.960007,148.74292,74588300
2021/11/2,148.660004,151.570007,148.649994,150.020004,149.801376,69122000
2021/11/3,150.389999,151.970001,149.820007,151.490005,151.269241,54511500
2021/11/4,151.580002,152.429993,150.639999,150.960007,150.740005,60394600
2021/11/5,151.889999,152.199997,150.059998,151.279999,151.279999,65414600
2021/11/8,151.410004,151.570007,150.160004,150.440002,150.440002,55020900
2021/11/9,150.199997,151.429993,150.059998,150.809998,150.809998,56787900
2021/11/10,150.020004,150.130005,147.850006,147.919998,147.919998,65187100
2021/11/11,148.960007,149.429993,147.679993,147.869995,147.869995,41000000
2021/11/12,148.429993,150.399994,147.479996,149.990005,149.990005,63632600
2021/11/15,150.369995,151.880005,149.429993,150,150,59222800
2021/11/16,149.940002,151.490005,149.339996,151,151,59256200
2021/11/17,151,155,150.990005,153.490005,153.490005,88807000
2021/11/18,153.710007,158.669998,153.050003,157.869995,157.869995,137827700
2021/11/19,157.649994,161.020004,156.529999,160.550003,160.550003,117147500
2021/11/22,161.679993,165.699997,161,161.020004,161.020004,117467900
2021/11/23,161.119995,161.800003,159.059998,161.410004,161.410004,96041900
